ID,ButLevel,ButProportion of Looking TIme,DIsTimedif,Shift Xtrail,Shift S Seconds,,,Mother's Education,APGAR1,APGAR5,Control Ref,Case Ref,,VISUALANIM,VISAUDANI,VISUALINAN,VISAUDINA,ALERTA
82,9,0.88407,-2.3666663,-0.5,-0.00671708,0,0,4,9,10,4,0,,7,8,7,8,8
15,5,0.66583,-2.2333333,-3,-0.18122208,8,4,4,9,10,4,3,,3,3,3,5,7
97,3,0.74497,7.508333,4,-0.14510127,5,7,1,10,10,11,7,,8,8,8,8,8
101,8,0.83987,-2.891667,1.5,0.12048804,1,2,1,9,10,4,1,,6,7,7,5,6
128,1,0.66456,4.733333,0,-0.30580792,9,13.5,4,5,8,2,0,,4,6,7,7,6
131,6,0.7698,-0.1,0.5,0.24103698,4,3,0,9,10,3,0,,7,7,7,7,8
138,2,0.81284,-11.0666667,-4.5,-0.48500882,2,10,4,9,10,12,13,,7,0,0,0,1
142,1,0.57266,6.8,3.5,0.21890409,13,13.5,Not Available,9,10,5,2,,6,6,5,7,6
